order,board,filename,source,title,caption,hashtags,url,sku,template,age,difficulty,motif
1,点つなぎの次に｜点描写,01_pin_copy-lv1-vol1_p1_02.png,pin_copy-lv1-vol1_p1_02.png,点描写プリント｜3×3・たてよこ2本の模写（3〜6才ごろ・無料で印刷）,"3〜6才ごろ向けの点描写を1枚。3×3・たてよこ2本・ななめなし・2画・左右対称。
親が画面で作って、子どもは紙で解けます。おうちで無料・印刷してすぐ使えます。
このピンから、同じ問題をその場で作れます。",#点描写 #点図形 #知育プリント #おうち学習,https://tenzu.jp/maker?utm_source=pinterest&utm_medium=pin&utm_campaign=launch&utm_content=pin-p1-copy-lv1-vol1-002,copy-lv1-vol1,p1,3〜6才ごろ,3×3・たてよこ2本・ななめなし・2画・左右対称,ティーがた
2,点つなぎの次に｜点描写,02_pin_copy-lv1-vol1_p1_10.png,pin_copy-lv1-vol1_p1_10.png,点描写プリント｜3×3・たてよこ3本の模写（3〜6才ごろ・無料で印刷）,"3〜6才ごろ向けの点描写を1枚。3×3・たてよこ3本・ななめなし・2画・対称くずし1本。
親が画面で作って、子どもは紙で解けます。おうちで無料・印刷してすぐ使えます。
このピンから、同じ問題をその場で作れます。",#点描写 #点図形 #知育プリント #おうち学習,https://tenzu.jp/maker?utm_source=pinterest&utm_medium=pin&utm_campaign=launch&utm_content=pin-p1-copy-lv1-vol1-010,copy-lv1-vol1,p1,3〜6才ごろ,3×3・たてよこ3本・ななめなし・2画・対称くずし1本,エフがた
3,点つなぎの次に｜点描写,03_pin_copy-lv1-vol1_p3.png,pin_copy-lv1-vol1_p3.png,点描写プリント まとめ｜3〜6才ごろ・やさしい順（無料で印刷）,"おうちで使える点描写を、まとめました。3〜6才ごろ向け。
親が画面で作って、子どもは紙で解けます。無料・登録不要・印刷してすぐ。
このピンから、そのまま試せます。",#点描写 #点図形 #点つなぎ #知育プリント,https://tenzu.jp/maker?utm_source=pinterest&utm_medium=pin&utm_campaign=launch&utm_content=pin-p3-copy-lv1-vol1,copy-lv1-vol1,p3,3〜6才ごろ,—,—
4,年長 プリント｜点描写・図形,04_pin_copy-lv2-vol1_p1_07.png,pin_copy-lv2-vol1_p1_07.png,点描写プリント｜3×3・45°のななめ4本の模写（4〜6才ごろ・無料で印刷）,"4〜6才ごろ向けの点描写を1枚。3×3・45°のななめ4本・2画・左右対称。
親が画面で作って、子どもは紙で解けます。おうちで無料・印刷してすぐ使えます。
このピンから、同じ問題をその場で作れます。",#点描写 #点図形 #知育プリント #おうち学習,https://tenzu.jp/maker?utm_source=pinterest&utm_medium=pin&utm_campaign=launch&utm_content=pin-p1-copy-lv2-vol1-007,copy-lv2-vol1,p1,4〜6才ごろ,3×3・45°のななめ4本・2画・左右対称,やまがた
5,年長 プリント｜点描写・図形,05_pin_mirror-lv2-vol1_p1_05.png,pin_mirror-lv2-vol1_p1_05.png,点描写プリント｜3×3・たてよこ2本の鏡（4〜6才ごろ・無料で印刷）,"4〜6才ごろ向けの点描写を1枚。3×3・たてよこ2本・45°のななめ2本・ななめ対称。
親が画面で作って、子どもは紙で解けます。おうちで無料・印刷してすぐ使えます。
このピンから、同じ問題をその場で作れます。",#点描写 #点図形 #知育プリント #おうち学習,https://tenzu.jp/maker?utm_source=pinterest&utm_medium=pin&utm_campaign=launch&utm_content=pin-p1-mirror-lv2-vol1-005,mirror-lv2-vol1,p1,4〜6才ごろ,3×3・たてよこ2本・45°のななめ2本・ななめ対称,—
6,年長 プリント｜点描写・図形,06_pin_translate-lv2-vol1_p1_06.png,pin_translate-lv2-vol1_p1_06.png,点描写プリント｜3×3・たてよこ2本の移動（4〜6才ごろ・無料で印刷）,"4〜6才ごろ向けの点描写を1枚。3×3・たてよこ2本・45°のななめ2本・上下対称。
親が画面で作って、子どもは紙で解けます。おうちで無料・印刷してすぐ使えます。
このピンから、同じ問題をその場で作れます。",#点描写 #点図形 #知育プリント #おうち学習,https://tenzu.jp/maker?utm_source=pinterest&utm_medium=pin&utm_campaign=launch&utm_content=pin-p1-translate-lv2-vol1-006,translate-lv2-vol1,p1,4〜6才ごろ,3×3・たてよこ2本・45°のななめ2本・上下対称,—
7,点描写・点図形プリント｜年長〜小1,07_pin_copy-lv3-vol1_p1_05.png,pin_copy-lv3-vol1_p1_05.png,点描写プリント｜4×4・たてよこ3本の模写（5〜7才ごろ・無料で印刷）,"5〜7才ごろ向けの点描写を1枚。4×4・たてよこ3本・45°のななめ4本・2画。
親が画面で作って、子どもは紙で解けます。おうちで無料・印刷してすぐ使えます。
このピンから、同じ問題をその場で作れます。",#点描写 #点図形 #知育プリント #おうち学習,https://tenzu.jp/maker?utm_source=pinterest&utm_medium=pin&utm_campaign=launch&utm_content=pin-p1-copy-lv3-vol1-005,copy-lv3-vol1,p1,5〜7才ごろ,4×4・たてよこ3本・45°のななめ4本・2画,くみあわせ
8,点描写・点図形プリント｜年長〜小1,08_pin_copy-lv2-vol1_p2.png,pin_copy-lv2-vol1_p2.png,点描写プリント レベル比較｜3×3から5×5へ、こう変わる（無料）,"模写は、4〜6才ごろから。今日の手ごたえに合わせて、やさしくも、むずかしくもできます。
親が画面で作って、子どもは紙で解く点描写。無料で印刷できます。
このピンから、むずかしさを選んで作れます。",#点描写 #点図形 #知育プリント #年長,https://tenzu.jp/maker?utm_source=pinterest&utm_medium=pin&utm_campaign=launch&utm_content=pin-p2-copy-lv2-vol1,copy-lv2-vol1,p2,4〜6才ごろ,—,—
